"Label (Grouping)","Puerto Rico!!Occupied housing units!!Estimate","Puerto Rico!!Percent occupied housing units!!Estimate","Puerto Rico!!Owner-occupied housing units!!Estimate","Puerto Rico!!Percent owner-occupied housing units!!Estimate","Puerto Rico!!Renter-occupied housing units!!Estimate","Puerto Rico!!Percent renter-occupied housing units!!Estimate","Arecibo Municipio, Puerto Rico!!Occupied housing units!!Estimate","Arecibo Municipio, Puerto Rico!!Percent occupied housing units!!Estimate","Arecibo Municipio, Puerto Rico!!Owner-occupied housing units!!Estimate","Arecibo Municipio, Puerto Rico!!Percent owner-occupied housing units!!Estimate","Arecibo Municipio, Puerto Rico!!Renter-occupied housing units!!Estimate","Arecibo Municipio, Puerto Rico!!Percent renter-occupied housing units!!Estimate","Bayamón Municipio, Puerto Rico!!Occupied housing units!!Estimate","Bayamón Municipio, Puerto Rico!!Percent occupied housing units!!Estimate","Bayamón Municipio, Puerto Rico!!Owner-occupied housing units!!Estimate","Bayamón Municipio, Puerto Rico!!Percent owner-occupied housing units!!Estimate","Bayamón Municipio, Puerto Rico!!Renter-occupied housing units!!Estimate","Bayamón Municipio, Puerto Rico!!Percent renter-occupied housing units!!Estimate","Caguas Municipio, Puerto Rico!!Occupied housing units!!Estimate","Caguas Municipio, Puerto Rico!!Percent occupied housing units!!Estimate","Caguas Municipio, Puerto Rico!!Owner-occupied housing units!!Estimate","Caguas Municipio, Puerto Rico!!Percent owner-occupied housing units!!Estimate","Caguas Municipio, Puerto Rico!!Renter-occupied housing units!!Estimate","Caguas Municipio, Puerto Rico!!Percent renter-occupied housing units!!Estimate","Carolina Municipio, Puerto Rico!!Occupied housing units!!Estimate","Carolina Municipio, Puerto Rico!!Percent occupied housing units!!Estimate","Carolina Municipio, Puerto Rico!!Owner-occupied housing units!!Estimate","Carolina Municipio, Puerto Rico!!Percent owner-occupied housing units!!Estimate","Carolina Municipio, Puerto Rico!!Renter-occupied housing units!!Estimate","Carolina Municipio, Puerto Rico!!Percent renter-occupied housing units!!Estimate","Guaynabo Municipio, Puerto Rico!!Occupied housing units!!Estimate","Guaynabo Municipio, Puerto Rico!!Percent occupied housing units!!Estimate","Guaynabo Municipio, Puerto Rico!!Owner-occupied housing units!!Estimate","Guaynabo Municipio, Puerto Rico!!Percent owner-occupied housing units!!Estimate","Guaynabo Municipio, Puerto Rico!!Renter-occupied housing units!!Estimate","Guaynabo Municipio, Puerto Rico!!Percent renter-occupied housing units!!Estimate","Mayagüez Municipio, Puerto Rico!!Occupied housing units!!Estimate","Mayagüez Municipio, Puerto Rico!!Percent occupied housing units!!Estimate","Mayagüez Municipio, Puerto Rico!!Owner-occupied housing units!!Estimate","Mayagüez Municipio, Puerto Rico!!Percent owner-occupied housing units!!Estimate","Mayagüez Municipio, Puerto Rico!!Renter-occupied housing units!!Estimate","Mayagüez Municipio, Puerto Rico!!Percent renter-occupied housing units!!Estimate","Ponce Municipio, Puerto Rico!!Occupied housing units!!Estimate","Ponce Municipio, Puerto Rico!!Percent occupied housing units!!Estimate","Ponce Municipio, Puerto Rico!!Owner-occupied housing units!!Estimate","Ponce Municipio, Puerto Rico!!Percent owner-occupied housing units!!Estimate","Ponce Municipio, Puerto Rico!!Renter-occupied housing units!!Estimate","Ponce Municipio, Puerto Rico!!Percent renter-occupied housing units!!Estimate","San Juan Municipio, Puerto Rico!!Occupied housing units!!Estimate","San Juan Municipio, Puerto Rico!!Percent occupied housing units!!Estimate","San Juan Municipio, Puerto Rico!!Owner-occupied housing units!!Estimate","San Juan Municipio, Puerto Rico!!Percent owner-occupied housing units!!Estimate","San Juan Municipio, Puerto Rico!!Renter-occupied housing units!!Estimate","San Juan Municipio, Puerto Rico!!Percent renter-occupied housing units!!Estimate","Toa Alta Municipio, Puerto Rico!!Occupied housing units!!Estimate","Toa Alta Municipio, Puerto Rico!!Percent occupied housing units!!Estimate","Toa Alta Municipio, Puerto Rico!!Owner-occupied housing units!!Estimate","Toa Alta Municipio, Puerto Rico!!Percent owner-occupied housing units!!Estimate","Toa Alta Municipio, Puerto Rico!!Renter-occupied housing units!!Estimate","Toa Alta Municipio, Puerto Rico!!Percent renter-occupied housing units!!Estimate","Toa Baja Municipio, Puerto Rico!!Occupied housing units!!Estimate","Toa Baja Municipio, Puerto Rico!!Percent occupied housing units!!Estimate","Toa Baja Municipio, Puerto Rico!!Owner-occupied housing units!!Estimate","Toa Baja Municipio, Puerto Rico!!Percent owner-occupied housing units!!Estimate","Toa Baja Municipio, Puerto Rico!!Renter-occupied housing units!!Estimate","Toa Baja Municipio, Puerto Rico!!Percent renter-occupied housing units!!Estimate","Trujillo Alto Municipio, Puerto Rico!!Occupied housing units!!Estimate","Trujillo Alto Municipio, Puerto Rico!!Percent occupied housing units!!Estimate","Trujillo Alto Municipio, Puerto Rico!!Owner-occupied housing units!!Estimate","Trujillo Alto Municipio, Puerto Rico!!Percent owner-occupied housing units!!Estimate","Trujillo Alto Municipio, Puerto Rico!!Renter-occupied housing units!!Estimate","Trujillo Alto Municipio, Puerto Rico!!Percent renter-occupied housing units!!Estimate"
"Occupied housing units","1,289,311","1,289,311","869,635","869,635","419,676","419,676","32,158","32,158","21,299","21,299","10,859","10,859","74,177","74,177","52,709","52,709","21,468","21,468","53,037","53,037","35,513","35,513","17,524","17,524","66,468","66,468","46,261","46,261","20,207","20,207","36,412","36,412","25,922","25,922","10,490","10,490","29,625","29,625","15,008","15,008","14,617","14,617","54,689","54,689","36,327","36,327","18,362","18,362","158,386","158,386","81,494","81,494","76,892","76,892","23,703","23,703","17,893","17,893","5,810","5,810","28,722","28,722","19,080","19,080","9,642","9,642","29,677","29,677","21,080","21,080","8,597","8,597"
"    HOUSEHOLD INCOME IN THE PAST 12 MONTHS (IN 2022 INFLATION-ADJUSTED DOLLARS)","","","","","","","","","","","","","","","","","","","","","","","","","","","","","","","","","","","","","","","","","","","","","","","","","","","","","","","","","","","","","","","","","","","","","","","",""
"        Less than $5,000","161,289","12.5%","67,323","7.7%","93,966","22.4%","4,710","14.6%","1,896","8.9%","2,814","25.9%","9,162","12.4%","4,374","8.3%","4,788","22.3%","5,148","9.7%","2,477","7.0%","2,671","15.2%","4,258","6.4%","1,434","3.1%","2,824","14.0%","3,386","9.3%","1,546","6.0%","1,840","17.5%","6,262","21.1%","1,101","7.3%","5,161","35.3%","10,354","18.9%","3,279","9.0%","7,075","38.5%","23,594","14.9%","6,582","8.1%","17,012","22.1%","1,806","7.6%","571","3.2%","1,235","21.3%","2,334","8.1%","1,240","6.5%","1,094","11.3%","3,923","13.2%","1,975","9.4%","1,948","22.7%"
"        $5,000 to $9,999","127,663","9.9%","72,191","8.3%","55,472","13.2%","3,044","9.5%","1,967","9.2%","1,077","9.9%","6,196","8.4%","3,816","7.2%","2,380","11.1%","5,116","9.6%","2,983","8.4%","2,133","12.2%","4,568","6.9%","2,320","5.0%","2,248","11.1%","2,800","7.7%","1,459","5.6%","1,341","12.8%","3,939","13.3%","1,833","12.2%","2,106","14.4%","6,531","11.9%","4,418","12.2%","2,113","11.5%","15,997","10.1%","5,112","6.3%","10,885","14.2%","528","2.2%","528","3.0%","0","0.0%","2,778","9.7%","1,194","6.3%","1,584","16.4%","2,221","7.5%","531","2.5%","1,690","19.7%"
"        $10,000 to $14,999","138,823","10.8%","89,714","10.3%","49,109","11.7%","2,559","8.0%","1,951","9.2%","608","5.6%","7,211","9.7%","4,176","7.9%","3,035","14.1%","6,306","11.9%","3,023","8.5%","3,283","18.7%","4,215","6.3%","2,322","5.0%","1,893","9.4%","2,616","7.2%","1,698","6.6%","918","8.8%","2,659","9.0%","1,215","8.1%","1,444","9.9%","7,287","13.3%","5,424","14.9%","1,863","10.1%","13,862","8.8%","5,148","6.3%","8,714","11.3%","1,523","6.4%","788","4.4%","735","12.7%","1,940","6.8%","1,373","7.2%","567","5.9%","1,783","6.0%","1,161","5.5%","622","7.2%"
"        $15,000 to $19,999","131,541","10.2%","84,290","9.7%","47,251","11.3%","2,392","7.4%","1,339","6.3%","1,053","9.7%","6,942","9.4%","4,503","8.5%","2,439","11.4%","5,540","10.4%","3,721","10.5%","1,819","10.4%","5,603","8.4%","3,195","6.9%","2,408","11.9%","2,070","5.7%","1,284","5.0%","786","7.5%","2,574","8.7%","1,038","6.9%","1,536","10.5%","5,541","10.1%","3,706","10.2%","1,835","10.0%","13,834","8.7%","5,398","6.6%","8,436","11.0%","2,435","10.3%","1,341","7.5%","1,094","18.8%","2,550","8.9%","1,375","7.2%","1,175","12.2%","2,409","8.1%","2,307","10.9%","102","1.2%"
"        $20,000 to $24,999","103,114","8.0%","66,374","7.6%","36,740","8.8%","3,363","10.5%","1,767","8.3%","1,596","14.7%","4,774","6.4%","3,718","7.1%","1,056","4.9%","4,474","8.4%","2,949","8.3%","1,525","8.7%","4,775","7.2%","2,926","6.3%","1,849","9.2%","1,934","5.3%","1,354","5.2%","580","5.5%","2,444","8.2%","1,705","11.4%","739","5.1%","3,670","6.7%","2,311","6.4%","1,359","7.4%","11,567","7.3%","5,027","6.2%","6,540","8.5%","1,781","7.5%","1,334","7.5%","447","7.7%","3,316","11.5%","2,668","14.0%","648","6.7%","2,162","7.3%","1,325","6.3%","837","9.7%"
"        $25,000 to $34,999","161,093","12.5%","116,228","13.4%","44,865","10.7%","5,100","15.9%","3,496","16.4%","1,604","14.8%","10,707","14.4%","8,458","16.0%","2,249","10.5%","6,567","12.4%","4,873","13.7%","1,694","9.7%","9,278","14.0%","6,626","14.3%","2,652","13.1%","3,312","9.1%","2,470","9.5%","842","8.0%","3,760","12.7%","1,872","12.5%","1,888","12.9%","6,336","11.6%","4,411","12.1%","1,925","10.5%","16,022","10.1%","9,790","12.0%","6,232","8.1%","2,237","9.4%","1,215","6.8%","1,022","17.6%","3,260","11.4%","2,376","12.5%","884","9.2%","4,297","14.5%","3,323","15.8%","974","11.3%"
"        $35,000 to $49,999","165,686","12.9%","124,358","14.3%","41,328","9.8%","3,363","10.5%","2,786","13.1%","577","5.3%","10,065","13.6%","7,540","14.3%","2,525","11.8%","5,317","10.0%","3,604","10.1%","1,713","9.8%","11,514","17.3%","8,847","19.1%","2,667","13.2%","4,063","11.2%","3,007","11.6%","1,056","10.1%","3,308","11.2%","2,199","14.7%","1,109","7.6%","6,948","12.7%","5,440","15.0%","1,508","8.2%","18,373","11.6%","10,742","13.2%","7,631","9.9%","2,514","10.6%","2,067","11.6%","447","7.7%","5,226","18.2%","3,133","16.4%","2,093","21.7%","3,626","12.2%","2,541","12.1%","1,085","12.6%"
"        $50,000 to $74,999","138,724","10.8%","108,518","12.5%","30,206","7.2%","3,990","12.4%","3,128","14.7%","862","7.9%","9,445","12.7%","7,500","14.2%","1,945","9.1%","5,883","11.1%","4,235","11.9%","1,648","9.4%","11,187","16.8%","9,015","19.5%","2,172","10.7%","5,584","15.3%","3,743","14.4%","1,841","17.6%","2,669","9.0%","2,187","14.6%","482","3.3%","3,744","6.8%","3,195","8.8%","549","3.0%","16,097","10.2%","10,565","13.0%","5,532","7.2%","3,790","16.0%","3,264","18.2%","526","9.1%","3,544","12.3%","2,590","13.6%","954","9.9%","4,172","14.1%","3,532","16.8%","640","7.4%"
"        $75,000 to $99,999","71,891","5.6%","60,855","7.0%","11,036","2.6%","1,268","3.9%","964","4.5%","304","2.8%","4,350","5.9%","3,770","7.2%","580","2.7%","3,247","6.1%","2,747","7.7%","500","2.9%","5,501","8.3%","4,704","10.2%","797","3.9%","3,277","9.0%","2,854","11.0%","423","4.0%","744","2.5%","691","4.6%","53","0.4%","2,473","4.5%","2,370","6.5%","103","0.6%","10,249","6.5%","6,962","8.5%","3,287","4.3%","4,344","18.3%","4,096","22.9%","248","4.3%","1,764","6.1%","1,121","5.9%","643","6.7%","1,745","5.9%","1,745","8.3%","0","0.0%"
"        $100,000 to $149,999","49,762","3.9%","44,341","5.1%","5,421","1.3%","1,646","5.1%","1,282","6.0%","364","3.4%","3,447","4.6%","3,043","5.8%","404","1.9%","1,978","3.7%","1,513","4.3%","465","2.7%","4,037","6.1%","3,836","8.3%","201","1.0%","3,258","8.9%","2,795","10.8%","463","4.4%","770","2.6%","671","4.5%","99","0.7%","1,445","2.6%","1,413","3.9%","32","0.2%","9,453","6.0%","7,848","9.6%","1,605","2.1%","1,859","7.8%","1,859","10.4%","0","0.0%","1,301","4.5%","1,301","6.8%","0","0.0%","1,283","4.3%","1,283","6.1%","0","0.0%"
"        $150,000 or more","39,725","3.1%","35,443","4.1%","4,282","1.0%","723","2.2%","723","3.4%","0","0.0%","1,878","2.5%","1,811","3.4%","67","0.3%","3,461","6.5%","3,388","9.5%","73","0.4%","1,532","2.3%","1,036","2.2%","496","2.5%","4,112","11.3%","3,712","14.3%","400","3.8%","496","1.7%","496","3.3%","0","0.0%","360","0.7%","360","1.0%","0","0.0%","9,338","5.9%","8,320","10.2%","1,018","1.3%","886","3.7%","830","4.6%","56","1.0%","709","2.5%","709","3.7%","0","0.0%","2,056","6.9%","1,357","6.4%","699","8.1%"
"        Median household income (dollars)","24,112","24,112","29,399","29,399","16,115","16,115","25,016","25,016","28,393","28,393","19,539","19,539","27,843","27,843","31,828","31,828","16,408","16,408","24,929","24,929","30,936","30,936","16,797","16,797","35,776","35,776","41,989","41,989","21,523","21,523","41,202","41,202","50,941","50,941","21,974","21,974","17,836","17,836","27,921","27,921","10,132","10,132","17,700","17,700","22,153","22,153","9,986","9,986","25,163","25,163","40,156","40,156","16,022","16,022","44,584","44,584","58,236","58,236","17,450","17,450","29,850","29,850","31,183","31,183","23,404","23,404","29,108","29,108","34,807","34,807","15,944","15,944"
"    MONTHLY HOUSING COSTS","","","","","","","","","","","","","","","","","","","","","","","","","","","","","","","","","","","","","","","","","","","","","","","","","","","","","","","","","","","","","","","","","","","","","","","",""
"        Less than $300","483,442","37.5%","434,147","49.9%","49,295","11.7%","13,470","41.9%","12,236","57.4%","N","N","24,740","33.4%","21,030","39.9%","3,710","17.3%","15,411","29.1%","13,843","39.0%","1,568","8.9%","16,925","25.5%","14,809","32.0%","2,116","10.5%","9,032","24.8%","7,544","29.1%","1,488","14.2%","12,464","42.1%","9,148","61.0%","3,316","22.7%","25,787","47.2%","23,296","64.1%","2,491","13.6%","37,999","24.0%","25,903","31.8%","12,096","15.7%","5,881","24.8%","5,331","29.8%","N","N","8,751","30.5%","8,156","42.7%","N","N","9,775","32.9%","8,367","39.7%","N","N"
"        $300 to $499","182,207","14.1%","105,101","12.1%","77,106","18.4%","4,434","13.8%","2,071","9.7%","N","N","10,287","13.9%","7,756","14.7%","2,531","11.8%","6,725","12.7%","4,363","12.3%","2,362","13.5%","9,960","15.0%","6,124","13.2%","3,836","19.0%","5,010","13.8%","3,845","14.8%","1,165","11.1%","4,367","14.7%","1,603","10.7%","2,764","18.9%","7,358","13.5%","3,957","10.9%","3,401","18.5%","25,872","16.3%","10,206","12.5%","15,666","20.4%","3,178","13.4%","2,865","16.0%","N","N","4,152","14.5%","2,673","14.0%","N","N","4,150","14.0%","2,627","12.5%","N","N"
"        $500 to $799","228,264","17.7%","131,018","15.1%","97,246","23.2%","6,309","19.6%","4,037","19.0%","N","N","14,628","19.7%","8,782","16.7%","5,846","27.2%","9,456","17.8%","5,564","15.7%","3,892","22.2%","12,151","18.3%","6,439","13.9%","5,712","28.3%","4,815","13.2%","3,123","12.0%","1,692","16.1%","6,730","22.7%","2,331","15.5%","4,399","30.1%","9,408","17.2%","4,140","11.4%","5,268","28.7%","28,385","17.9%","11,000","13.5%","17,385","22.6%","4,404","18.6%","2,794","15.6%","N","N","5,598","19.5%","3,124","16.4%","N","N","3,753","12.6%","2,372","11.3%","N","N"
"        $800 to $999","97,737","7.6%","70,041","8.1%","27,696","6.6%","1,633","5.1%","976","4.6%","N","N","9,019","12.2%","5,740","10.9%","3,279","15.3%","6,176","11.6%","3,824","10.8%","2,352","13.4%","9,381","14.1%","6,882","14.9%","2,499","12.4%","1,762","4.8%","1,243","4.8%","519","4.9%","1,651","5.6%","953","6.3%","698","4.8%","3,054","5.6%","1,734","4.8%","1,320","7.2%","15,205","9.6%","8,434","10.3%","6,771","8.8%","2,214","9.3%","1,781","10.0%","N","N","3,524","12.3%","2,802","14.7%","N","N","4,514","15.2%","3,307","15.7%","N","N"
"        $1,000 to $1,499","101,751","7.9%","81,030","9.3%","20,721","4.9%","1,643","5.1%","1,357","6.4%","N","N","9,167","12.4%","7,065","13.4%","2,102","9.8%","4,290","8.1%","3,597","10.1%","693","4.0%","9,575","14.4%","8,574","18.5%","1,001","5.0%","6,649","18.3%","4,356","16.8%","2,293","21.9%","1,243","4.2%","696","4.6%","547","3.7%","2,797","5.1%","2,119","5.8%","678","3.7%","22,115","14.0%","15,231","18.7%","6,884","9.0%","3,469","14.6%","2,908","16.3%","N","N","1,508","5.3%","1,215","6.4%","N","N","4,669","15.7%","3,325","15.8%","N","N"
"        $1,500 to $1,999","29,716","2.3%","25,640","2.9%","4,076","1.0%","356","1.1%","356","1.7%","N","N","1,877","2.5%","1,696","3.2%","181","0.8%","1,970","3.7%","1,707","4.8%","263","1.5%","2,519","3.8%","1,950","4.2%","569","2.8%","2,570","7.1%","2,111","8.1%","459","4.4%","224","0.8%","224","1.5%","0","0.0%","510","0.9%","459","1.3%","51","0.3%","6,102","3.9%","4,680","5.7%","1,422","1.8%","1,583","6.7%","1,583","8.8%","N","N","978","3.4%","978","5.1%","N","N","844","2.8%","844","4.0%","N","N"
"        $2,000 to $2,499","10,473","0.8%","9,191","1.1%","1,282","0.3%","90","0.3%","90","0.4%","N","N","406","0.5%","245","0.5%","161","0.7%","1,372","2.6%","1,173","3.3%","199","1.1%","760","1.1%","687","1.5%","73","0.4%","1,579","4.3%","1,527","5.9%","52","0.5%","80","0.3%","0","0.0%","80","0.5%","322","0.6%","322","0.9%","0","0.0%","2,319","1.5%","2,015","2.5%","304","0.4%","247","1.0%","247","1.4%","N","N","0","0.0%","0","0.0%","N","N","99","0.3%","99","0.5%","N","N"
"        $2,500 to $2,999","6,089","0.5%","3,962","0.5%","2,127","0.5%","0","0.0%","0","0.0%","N","N","265","0.4%","228","0.4%","37","0.2%","817","1.5%","817","2.3%","0","0.0%","125","0.2%","125","0.3%","0","0.0%","1,513","4.2%","743","2.9%","770","7.3%","0","0.0%","0","0.0%","0","0.0%","0","0.0%","0","0.0%","0","0.0%","949","0.6%","880","1.1%","69","0.1%","232","1.0%","232","1.3%","N","N","47","0.2%","47","0.2%","N","N","370","1.2%","0","0.0%","N","N"
"        $3,000 or more","11,162","0.9%","9,505","1.1%","1,657","0.4%","176","0.5%","176","0.8%","N","N","209","0.3%","167","0.3%","42","0.2%","625","1.2%","625","1.8%","0","0.0%","671","1.0%","671","1.5%","0","0.0%","1,430","3.9%","1,430","5.5%","0","0.0%","53","0.2%","53","0.4%","0","0.0%","341","0.6%","300","0.8%","41","0.2%","4,111","2.6%","3,145","3.9%","966","1.3%","247","1.0%","152","0.8%","N","N","85","0.3%","85","0.4%","N","N","139","0.5%","139","0.7%","N","N"
"        No cash rent","138,470","10.7%","(X)","(X)","138,470","33.0%","4,047","12.6%","(X)","(X)","N","N","3,579","4.8%","(X)","(X)","3,579","16.7%","6,195","11.7%","(X)","(X)","6,195","35.4%","4,401","6.6%","(X)","(X)","4,401","21.8%","2,052","5.6%","(X)","(X)","2,052","19.6%","2,813","9.5%","(X)","(X)","2,813","19.2%","5,112","9.3%","(X)","(X)","5,112","27.8%","15,329","9.7%","(X)","(X)","15,329","19.9%","2,248","9.5%","(X)","(X)","N","N","4,079","14.2%","(X)","(X)","N","N","1,364","4.6%","(X)","(X)","N","N"
"        Median (dollars)","399","399","302","302","535","535","326","326","256","256","491","491","509","509","425","425","646","646","546","546","475","475","616","616","599","599","608","608","594","594","685","685","630","630","774","774","363","363","253","253","493","493","283","283","233","233","542","542","587","587","670","670","550","550","629","629","603","603","664","664","453","453","403","403","574","574","512","512","456","456","558","558"
"    MONTHLY HOUSING COSTS AS A PERCENTAGE OF HOUSEHOLD INCOME IN THE PAST 12 MONTHS","","","","","","","","","","","","","","","","","","","","","","","","","","","","","","","","","","","","","","","","","","","","","","","","","","","","","","","","","","","","","","","","","","","","","","","",""
"        Less than $20,000","417,829","32.4%","283,720","32.6%","134,109","32.0%","9,291","28.9%","6,486","30.5%","2,805","25.8%","23,091","31.1%","14,681","27.9%","8,410","39.2%","16,426","31.0%","10,753","30.3%","5,673","32.4%","15,483","23.3%","8,723","18.9%","6,760","33.5%","8,147","22.4%","5,369","20.7%","2,778","26.5%","10,765","36.3%","4,474","29.8%","6,291","43.0%","21,525","39.4%","15,397","42.4%","6,128","33.4%","47,830","30.2%","18,831","23.1%","28,999","37.7%","N","N","N","N","N","N","7,176","25.0%","4,747","24.9%","2,429","25.2%","N","N","N","N","N","N"
"            Less than 20 percent","140,064","10.9%","133,219","15.3%","6,845","1.6%","2,729","8.5%","2,536","11.9%","193","1.8%","5,902","8.0%","5,337","10.1%","565","2.6%","4,077","7.7%","3,905","11.0%","172","1.0%","3,764","5.7%","3,449","7.5%","315","1.6%","1,536","4.2%","1,477","5.7%","59","0.6%","2,526","8.5%","2,174","14.5%","352","2.4%","7,501","13.7%","7,501","20.6%","0","0.0%","8,746","5.5%","6,950","8.5%","1,796","2.3%","N","N","N","N","N","N","2,045","7.1%","1,951","10.2%","94","1.0%","N","N","N","N","N","N"
"            20 to 29 percent","60,077","4.7%","39,180","4.5%","20,897","5.0%","1,443","4.5%","702","3.3%","741","6.8%","3,496","4.7%","2,514","4.8%","982","4.6%","2,072","3.9%","1,262","3.6%","810","4.6%","2,213","3.3%","970","2.1%","1,243","6.2%","1,617","4.4%","922","3.6%","695","6.6%","1,034","3.5%","553","3.7%","481","3.3%","4,209","7.7%","2,811","7.7%","1,398","7.6%","7,448","4.7%","2,462","3.0%","4,986","6.5%","N","N","N","N","N","N","949","3.3%","443","2.3%","506","5.2%","N","N","N","N","N","N"
"            30 percent or more","217,688","16.9%","111,321","12.8%","106,367","25.3%","5,119","15.9%","3,248","15.2%","1,871","17.2%","13,693","18.5%","6,830","13.0%","6,863","32.0%","10,277","19.4%","5,586","15.7%","4,691","26.8%","9,506","14.3%","4,304","9.3%","5,202","25.7%","4,994","13.7%","2,970","11.5%","2,024","19.3%","7,205","24.3%","1,747","11.6%","5,458","37.3%","9,815","17.9%","5,085","14.0%","4,730","25.8%","31,636","20.0%","9,419","11.6%","22,217","28.9%","N","N","N","N","N","N","4,182","14.6%","2,353","12.3%","1,829","19.0%","N","N","N","N","N","N"
"        $20,000 to $34,999","239,581","18.6%","182,602","21.0%","56,979","13.6%","7,648","23.8%","5,263","24.7%","2,385","22.0%","15,043","20.3%","12,176","23.1%","2,867","13.4%","10,323","19.5%","7,822","22.0%","2,501","14.3%","12,557","18.9%","9,552","20.6%","3,005","14.9%","5,042","13.8%","3,824","14.8%","1,218","11.6%","5,364","18.1%","3,577","23.8%","1,787","12.2%","9,764","17.9%","6,722","18.5%","3,042","16.6%","25,293","16.0%","14,817","18.2%","10,476","13.6%","N","N","N","N","N","N","5,575","19.4%","5,044","26.4%","531","5.5%","N","N","N","N","N","N"
"            Less than 20 percent","123,739","9.6%","114,685","13.2%","9,054","2.2%","4,637","14.4%","4,116","19.3%","521","4.8%","6,516","8.8%","6,384","12.1%","132","0.6%","5,113","9.6%","4,789","13.5%","324","1.8%","5,930","8.9%","5,380","11.6%","550","2.7%","2,322","6.4%","2,103","8.1%","219","2.1%","2,590","8.7%","2,458","16.4%","132","0.9%","4,631","8.5%","4,333","11.9%","298","1.6%","7,871","5.0%","6,804","8.3%","1,067","1.4%","N","N","N","N","N","N","2,959","10.3%","2,959","15.5%","0","0.0%","N","N","N","N","N","N"
"            20 to 29 percent","45,208","3.5%","22,932","2.6%","22,276","5.3%","1,867","5.8%","494","2.3%","1,373","12.6%","1,844","2.5%","1,271","2.4%","573","2.7%","1,069","2.0%","328","0.9%","741","4.2%","1,906","2.9%","1,002","2.2%","904","4.5%","1,353","3.7%","796","3.1%","557","5.3%","1,496","5.0%","450","3.0%","1,046","7.2%","2,428","4.4%","766","2.1%","1,662","9.1%","5,514","3.5%","2,363","2.9%","3,151","4.1%","N","N","N","N","N","N","1,122","3.9%","787","4.1%","335","3.5%","N","N","N","N","N","N"
"            30 percent or more","70,634","5.5%","44,985","5.2%","25,649","6.1%","1,144","3.6%","653","3.1%","491","4.5%","6,683","9.0%","4,521","8.6%","2,162","10.1%","4,141","7.8%","2,705","7.6%","1,436","8.2%","4,721","7.1%","3,170","6.9%","1,551","7.7%","1,367","3.8%","925","3.6%","442","4.2%","1,278","4.3%","669","4.5%","609","4.2%","2,705","4.9%","1,623","4.5%","1,082","5.9%","11,908","7.5%","5,650","6.9%","6,258","8.1%","N","N","N","N","N","N","1,494","5.2%","1,298","6.8%","196","2.0%","N","N","N","N","N","N"
"        $35,000 to $49,999","152,438","11.8%","124,358","14.3%","28,080","6.7%","3,154","9.8%","2,786","13.1%","368","3.4%","9,518","12.8%","7,540","14.3%","1,978","9.2%","4,486","8.5%","3,604","10.1%","882","5.0%","11,189","16.8%","8,847","19.1%","2,342","11.6%","3,786","10.4%","3,007","11.6%","779","7.4%","3,058","10.3%","2,199","14.7%","859","5.9%","6,855","12.5%","5,440","15.0%","1,415","7.7%","16,652","10.5%","10,742","13.2%","5,910","7.7%","N","N","N","N","N","N","4,465","15.5%","3,133","16.4%","1,332","13.8%","N","N","N","N","N","N"
"            Less than 20 percent","93,543","7.3%","79,082","9.1%","14,461","3.4%","2,330","7.2%","2,177","10.2%","153","1.4%","4,710","6.3%","3,792","7.2%","918","4.3%","2,304","4.3%","2,005","5.6%","299","1.7%","5,041","7.6%","4,185","9.0%","856","4.2%","2,353","6.5%","1,967","7.6%","386","3.7%","2,005","6.8%","1,707","11.4%","298","2.0%","4,793","8.8%","4,359","12.0%","434","2.4%","6,544","4.1%","4,281","5.3%","2,263","2.9%","N","N","N","N","N","N","2,641","9.2%","1,962","10.3%","679","7.0%","N","N","N","N","N","N"
"            20 to 29 percent","39,269","3.0%","29,431","3.4%","9,838","2.3%","638","2.0%","423","2.0%","215","2.0%","2,827","3.8%","2,187","4.1%","640","3.0%","1,417","2.7%","1,265","3.6%","152","0.9%","3,525","5.3%","2,435","5.3%","1,090","5.4%","434","1.2%","259","1.0%","175","1.7%","943","3.2%","382","2.5%","561","3.8%","1,190","2.2%","311","0.9%","879","4.8%","6,304","4.0%","3,784","4.6%","2,520","3.3%","N","N","N","N","N","N","1,578","5.5%","1,128","5.9%","450","4.7%","N","N","N","N","N","N"
"            30 percent or more","19,626","1.5%","15,845","1.8%","3,781","0.9%","186","0.6%","186","0.9%","0","0.0%","1,981","2.7%","1,561","3.0%","420","2.0%","765","1.4%","334","0.9%","431","2.5%","2,623","3.9%","2,227","4.8%","396","2.0%","999","2.7%","781","3.0%","218","2.1%","110","0.4%","110","0.7%","0","0.0%","872","1.6%","770","2.1%","102","0.6%","3,804","2.4%","2,677","3.3%","1,127","1.5%","N","N","N","N","N","N","246","0.9%","43","0.2%","203","2.1%","N","N","N","N","N","N"
"        $50,000 to $74,999","131,772","10.2%","108,518","12.5%","23,254","5.5%","3,835","11.9%","3,128","14.7%","707","6.5%","9,177","12.4%","7,500","14.2%","1,677","7.8%","5,640","10.6%","4,235","11.9%","1,405","8.0%","11,005","16.6%","9,015","19.5%","1,990","9.8%","5,453","15.0%","3,743","14.4%","1,710","16.3%","2,485","8.4%","2,187","14.6%","298","2.0%","3,632","6.6%","3,195","8.8%","437","2.4%","15,536","9.8%","10,565","13.0%","4,971","6.5%","N","N","N","N","N","N","3,121","10.9%","2,590","13.6%","531","5.5%","N","N","N","N","N","N"
"            Less than 20 percent","97,536","7.6%","81,688","9.4%","15,848","3.8%","2,968","9.2%","2,358","11.1%","610","5.6%","6,514","8.8%","5,741","10.9%","773","3.6%","4,683","8.8%","3,562","10.0%","1,121","6.4%","7,332","11.0%","5,896","12.7%","1,436","7.1%","2,578","7.1%","2,309","8.9%","269","2.6%","2,208","7.5%","1,910","12.7%","298","2.0%","3,134","5.7%","2,805","7.7%","329","1.8%","10,344","6.5%","7,341","9.0%","3,003","3.9%","N","N","N","N","N","N","1,975","6.9%","1,543","8.1%","432","4.5%","N","N","N","N","N","N"
"            20 to 29 percent","26,404","2.0%","20,542","2.4%","5,862","1.4%","784","2.4%","687","3.2%","97","0.9%","2,378","3.2%","1,568","3.0%","810","3.8%","957","1.8%","673","1.9%","284","1.6%","3,187","4.8%","2,819","6.1%","368","1.8%","1,995","5.5%","1,023","3.9%","972","9.3%","277","0.9%","277","1.8%","0","0.0%","354","0.6%","246","0.7%","108","0.6%","3,762","2.4%","2,223","2.7%","1,539","2.0%","N","N","N","N","N","N","733","2.6%","634","3.3%","99","1.0%","N","N","N","N","N","N"
"            30 percent or more","7,832","0.6%","6,288","0.7%","1,544","0.4%","83","0.3%","83","0.4%","0","0.0%","285","0.4%","191","0.4%","94","0.4%","0","0.0%","0","0.0%","0","0.0%","486","0.7%","300","0.6%","186","0.9%","880","2.4%","411","1.6%","469","4.5%","0","0.0%","0","0.0%","0","0.0%","144","0.3%","144","0.4%","0","0.0%","1,430","0.9%","1,001","1.2%","429","0.6%","N","N","N","N","N","N","413","1.4%","413","2.2%","0","0.0%","N","N","N","N","N","N"
"        $75,000 or more","155,703","12.1%","140,639","16.2%","15,064","3.6%","3,384","10.5%","2,969","13.9%","415","3.8%","9,436","12.7%","8,624","16.4%","812","3.8%","8,244","15.5%","7,648","21.5%","596","3.4%","10,411","15.7%","9,576","20.7%","835","4.1%","10,534","28.9%","9,361","36.1%","1,173","11.2%","1,957","6.6%","1,858","12.4%","99","0.7%","4,226","7.7%","4,143","11.4%","83","0.5%","28,156","17.8%","23,130","28.4%","5,026","6.5%","N","N","N","N","N","N","3,715","12.9%","3,131","16.4%","584","6.1%","N","N","N","N","N","N"
"            Less than 20 percent","136,059","10.6%","124,292","14.3%","11,767","2.8%","3,257","10.1%","2,842","13.3%","415","3.8%","8,802","11.9%","8,061","15.3%","741","3.5%","6,850","12.9%","6,350","17.9%","500","2.9%","8,669","13.0%","8,012","17.3%","657","3.3%","8,223","22.6%","7,441","28.7%","782","7.5%","1,797","6.1%","1,698","11.3%","99","0.7%","3,572","6.5%","3,540","9.7%","32","0.2%","22,936","14.5%","19,268","23.6%","3,668","4.8%","N","N","N","N","N","N","3,614","12.6%","3,030","15.9%","584","6.1%","N","N","N","N","N","N"
"            20 to 29 percent","15,159","1.2%","12,410","1.4%","2,749","0.7%","127","0.4%","127","0.6%","0","0.0%","580","0.8%","509","1.0%","71","0.3%","1,061","2.0%","965","2.7%","96","0.5%","1,315","2.0%","1,137","2.5%","178","0.9%","1,456","4.0%","1,222","4.7%","234","2.2%","160","0.5%","160","1.1%","0","0.0%","541","1.0%","490","1.3%","51","0.3%","3,940","2.5%","2,827","3.5%","1,113","1.4%","N","N","N","N","N","N","101","0.4%","101","0.5%","0","0.0%","N","N","N","N","N","N"
"            30 percent or more","4,485","0.3%","3,937","0.5%","548","0.1%","0","0.0%","0","0.0%","0","0.0%","54","0.1%","54","0.1%","0","0.0%","333","0.6%","333","0.9%","0","0.0%","427","0.6%","427","0.9%","0","0.0%","855","2.3%","698","2.7%","157","1.5%","0","0.0%","0","0.0%","0","0.0%","113","0.2%","113","0.3%","0","0.0%","1,280","0.8%","1,035","1.3%","245","0.3%","N","N","N","N","N","N","0","0.0%","0","0.0%","0","0.0%","N","N","N","N","N","N"
"        Zero or negative income","53,518","4.2%","29,798","3.4%","23,720","5.7%","799","2.5%","667","3.1%","132","1.2%","4,333","5.8%","2,188","4.2%","2,145","10.0%","1,723","3.2%","1,451","4.1%","272","1.6%","1,422","2.1%","548","1.2%","874","4.3%","1,398","3.8%","618","2.4%","780","7.4%","3,183","10.7%","713","4.8%","2,470","16.9%","3,575","6.5%","1,430","3.9%","2,145","11.7%","9,590","6.1%","3,409","4.2%","6,181","8.0%","N","N","N","N","N","N","591","2.1%","435","2.3%","156","1.6%","N","N","N","N","N","N"
"        No cash rent","138,470","10.7%","(X)","(X)","138,470","33.0%","4,047","12.6%","(X)","(X)","4,047","37.3%","3,579","4.8%","(X)","(X)","3,579","16.7%","6,195","11.7%","(X)","(X)","6,195","35.4%","4,401","6.6%","(X)","(X)","4,401","21.8%","2,052","5.6%","(X)","(X)","2,052","19.6%","2,813","9.5%","(X)","(X)","2,813","19.2%","5,112","9.3%","(X)","(X)","5,112","27.8%","15,329","9.7%","(X)","(X)","15,329","19.9%","N","N","(X)","(X)","N","N","4,079","14.2%","(X)","(X)","4,079","42.3%","N","N","(X)","(X)","N","N"